DATA_REF_SYNTAX,SUB_EX_ID,ENS_MEMBER,TABLE_ID,VAR_NAME,GRID_LABEL,VERSION_NO,HANDLE,SUBPANEL
CMIP6.PMIP.CSIRO.ACCESS-ESM1-5.lig127k,none,r1i1p1f1,Amon,pr,gn,20191206,hdl:21.14100/a0d975a0-b410-4030-85da-157825dd69bb,
CMIP6.CMIP.CSIRO.ACCESS-ESM1-5.piControl,none,r1i1p1f1,Amon,pr,gn,20191112,hdl:21.14100/e93c79f8-e3b8-4b47-87f7-1e9e1767e137,
CMIP6.PMIP.AWI.AWI-ESM-1-1-LR.lig127k,none,r1i1p1f1,Amon,pr,gn,20200212,hdl:21.14100/6d166edb-d6ba-4da7-aef4-33923163c9a6,
CMIP6.PMIP.AWI.AWI-ESM-1-1-LR.midHolocene,none,r1i1p1f1,Amon,pr,gn,20200212,hdl:21.14100/5426beeb-9b4b-4636-b388-38a564b71219,
CMIP6.CMIP.AWI.AWI-ESM-1-1-LR.piControl,none,r1i1p1f1,Amon,pr,gn,20200212,hdl:21.14100/6c04e256-82cb-44bc-b786-1300746dcbce,
CMIP6.PMIP.NCAR.CESM2.lig127k,none,r1i1p1f1,Amon,pr,gn,20190923,hdl:21.14100/e0743424-970f-4f80-83b7-0e179be6ac14,
CMIP6.PMIP.NCAR.CESM2.midHolocene,none,r1i1p1f1,Amon,pr,gn,20190923,hdl:21.14100/9d5b74f2-d8a7-4e9f-970d-5bed044fea02,
CMIP6.PMIP.NCAR.CESM2.midPliocene-eoi400,none,r1i1p1f1,Amon,pr,gn,20200110,hdl:21.14100/14695197-9e0b-48ba-9bc8-42033efd4a26,
CMIP6.CMIP.NCAR.CESM2.piControl,none,r1i1p1f1,Amon,pr,gn,20190320,hdl:21.14100/5d921648-950e-4f30-a5a2-9b7559056784,
CMIP6.PMIP.CNRM-CERFACS.CNRM-CM6-1.lig127k,none,r1i1p1f2,Amon,pr,gr,20200212,hdl:21.14100/1f484b7d-c1a5-4445-9d1e-c1d5a12072ba,
CMIP6.CMIP.CNRM-CERFACS.CNRM-CM6-1.piControl,none,r1i1p1f2,Amon,pr,gr,20180814,hdl:21.14100/1eeb736e-24f6-4f39-b314-838bcc6a4339,
CMIP6.PMIP.EC-Earth-Consortium.EC-Earth3-LR.lig127k,none,r1i1p1f1,Amon,pr,gr,20200409,hdl:21.14100/009b3c7e-8555-480c-a569-cba84848b04c,
CMIP6.PMIP.EC-Earth-Consortium.EC-Earth3-LR.midHolocene,none,r1i1p1f1,Amon,pr,gr,20200409,hdl:21.14100/2fa27b1a-f96f-4b3b-849e-eeb91d478b2d,
CMIP6.CMIP.EC-Earth-Consortium.EC-Earth3-LR.piControl,none,r1i1p1f1,Amon,pr,gr,20200409,hdl:21.14100/bad4d7df-2ceb-4973-b47c-7480b1f713ef,
CMIP6.PMIP.CAS.FGOALS-f3-L.lig127k,none,r1i1p1f1,Amon,pr,gr,20191025,hdl:21.14100/4d2984e3-2a2d-4262-b417-b2e5d819f316,
CMIP6.PMIP.CAS.FGOALS-f3-L.midHolocene,none,r1i1p1f1,Amon,pr,gr,20191025,hdl:21.14100/017c112e-0722-452a-847c-2438e73c6159,
CMIP6.CMIP.CAS.FGOALS-f3-L.piControl,none,r1i1p1f1,Amon,pr,gr,20191029,hdl:21.14100/ad255c84-e4ea-4c82-bd78-0df86d18ad84,
CMIP6.PMIP.CAS.FGOALS-g3.lig127k,none,r1i1p1f1,Amon,pr,gn,20191030,hdl:21.14100/c696e97c-ccd5-41e1-a3e0-122158cd43e5,
CMIP6.PMIP.CAS.FGOALS-g3.midHolocene,none,r1i1p1f1,Amon,pr,gn,20191024,hdl:21.14100/1c7ff83c-acae-4138-b495-bbe2e92e1692,
CMIP6.CMIP.CAS.FGOALS-g3.piControl,none,r1i1p1f1,Amon,pr,gn,20190818,hdl:21.14100/598d2636-6c7c-46a5-a722-39b4d33f3d41,
CMIP6.PMIP.NASA-GISS.GISS-E2-1-G.lig127k,none,r1i1p1f1,Amon,pr,gn,20190916,hdl:21.14100/7c355606-233f-4da5-b979-915e0a49a0cf,
CMIP6.PMIP.NASA-GISS.GISS-E2-1-G.midHolocene,none,r1i1p1f1,Amon,pr,gn,20190916,hdl:21.14100/d0054163-459f-40fa-b151-b7ffa007e734,
CMIP6.PMIP.NASA-GISS.GISS-E2-1-G.midPliocene-eoi400,none,r1i1p1f1,Amon,pr,gn,20190626,hdl:21.14100/7702caea-0f05-4ab2-824e-44dd84aa0a2a,
CMIP6.CMIP.NASA-GISS.GISS-E2-1-G.piControl,none,r1i1p1f1,Amon,pr,gn,20180824,hdl:21.14100/b4f821ca-3aba-4a8c-9bb5-c02f18ff5467,
CMIP6.PMIP.NERC.HadGEM3-GC31-LL.midHolocene,none,r1i1p1f1,Amon,tas,gn,20210111,hdl:21.14100/3b03cc8f-514e-44ca-ad60-7df6f2de6d81,
CMIP6.PMIP.NERC.HadGEM3-GC31-LL.lig127k,none,r1i1p1f1,Amon,tas,gn,20210114,hdl:21.14100/95fa33b3-5c1b-4f11-a466-1824dfac32e4,
CMIP6.PMIP.AWI.AWI-ESM-1-1-LR.lgm,none,r1i1p1f1,Amon,tas,gn,20200212,hdl:21.14100/4b93047e-ae9a-4a56-9b1f-6bc639373c52,
CMIP6.CMIP.MOHC.HadGEM3-GC31-LL.piControl,none,r1i1p1f1,Amon,pr,gn,20190628,hdl:21.14100/c1cbbfda-b0a8-4bc5-9090-9d53cb2c0200,
CMIP6.PMIP.INM.INM-CM4-8.lgm,none,r1i1p1f1,Amon,pr,gr1,20190802,hdl:21.14100/085a5c95-6fe5-4a65-b888-ecf4a1bb698f,
CMIP6.PMIP.INM.INM-CM4-8.lig127k,none,r1i1p1f1,Amon,pr,gr1,20190802,hdl:21.14100/6b4e5202-95c6-402a-9dca-87df1640a660,
CMIP6.PMIP.INM.INM-CM4-8.midHolocene,none,r1i1p1f1,Amon,pr,gr1,20190802,hdl:21.14100/021df18b-4f85-453d-8a88-5fd3e233369c,
CMIP6.CMIP.INM.INM-CM4-8.piControl,none,r1i1p1f1,Amon,pr,gr1,20190605,hdl:21.14100/8b640814-93b2-4db7-b47f-1975607afdae,
CMIP6.PMIP.IPSL.IPSL-CM6A-LR.lig127k,none,r1i1p1f1,Amon,pr,gr,20180926,hdl:21.14100/68969205-7a99-4bb4-8dfb-26f1080ab75f,
CMIP6.PMIP.IPSL.IPSL-CM6A-LR.midHolocene,none,r1i1p1f1,Amon,pr,gr,20180926,hdl:21.14100/87084de3-8822-47ac-abf9-b788fb840169,
CMIP6.PMIP.IPSL.IPSL-CM6A-LR.midPliocene-eoi400,none,r1i1p1f1,Amon,pr,gr,20190118,hdl:21.14100/351d24df-cd15-47a1-8da1-4007b2a5d932,
CMIP6.CMIP.IPSL.IPSL-CM6A-LR.piControl,none,r1i1p1f1,Amon,pr,gr,20180802,hdl:21.14100/7d8d9f22-5c11-404e-892c-d981db3d9c3d,
CMIP6.PMIP.MIROC.MIROC-ES2L.lgm,none,r1i1p1f2,Amon,pr,gn,20191002,hdl:21.14100/f7ac26d1-2686-4248-9451-71d6a1b69b6a,
CMIP6.PMIP.MIROC.MIROC-ES2L.lig127k,none,r1i1p1f2,Amon,pr,gn,20191118,hdl:21.14100/ef0200bf-f9d8-416a-b008-7aaf207cc94e,
CMIP6.PMIP.MIROC.MIROC-ES2L.midHolocene,none,r1i1p1f2,Amon,pr,gn,20191002,hdl:21.14100/8c0f2ed0-1298-4e78-a00b-43da5df013c1,
CMIP6.CMIP.MIROC.MIROC-ES2L.piControl,none,r1i1p1f2,Amon,pr,gn,20190823,hdl:21.14100/dabadc85-f140-4002-8cc3-996d2fb01a4d,
CMIP6.PMIP.MPI-M.MPI-ESM1-2-LR.lgm,none,r1i1p1f1,Amon,pr,gn,20190710,hdl:21.14100/dda3e749-ba46-415c-b3a2-9eaea21a757f,
CMIP6.PMIP.MPI-M.MPI-ESM1-2-LR.lgm,none,r1i1p1f1,Amon,pr,gn,20190710,hdl:21.14100/dda3e749-ba46-415c-b3a2-9eaea21a757f,
CMIP6.PMIP.MPI-M.MPI-ESM1-2-LR.midHolocene,none,r1i1p1f1,Amon,pr,gn,20190710,hdl:21.14100/1cf3a982-706c-439c-8c76-0bb2ed2bd334,
CMIP6.CMIP.MPI-M.MPI-ESM1-2-LR.piControl,none,r1i1p1f1,Amon,pr,gn,20190710,hdl:21.14100/cb635796-fd5f-4536-933d-6f426bfb6a14,
CMIP6.PMIP.MRI.MRI-ESM2-0.midHolocene,none,r1i1p1f1,Amon,pr,gn,20190919,hdl:21.14100/aa6a3ec7-81b0-4c45-9ac8-b92ba78807fc,
CMIP6.CMIP.MRI.MRI-ESM2-0.piControl,none,r1i1p1f1,Amon,pr,gn,20190222,hdl:21.14100/1a34e122-91c4-4c74-a248-62914ab7424c,
CMIP6.PMIP.NUIST.NESM3.lig127k,none,r1i1p1f1,Amon,pr,gn,20190909,hdl:21.14100/f68b9fbf-5c14-4996-b4aa-c2bd30e5208f,
CMIP6.PMIP.NUIST.NESM3.midHolocene,none,r1i1p1f1,Amon,pr,gn,20190813,hdl:21.14100/2651a3ab-28ca-4468-9716-be2357176877,
CMIP6.CMIP.NUIST.NESM3.piControl,none,r1i1p1f1,Amon,pr,gn,20190708,hdl:21.14100/dfd10ab1-71c4-48db-9f6c-abfd5e9acd7d,
CMIP6.PMIP.NCC.NorESM1-F.lig127k,none,r1i1p1f1,Amon,pr,gn,20190920,hdl:21.14100/7d92545d-538b-43b4-a69d-a26b492c1655,
CMIP6.PMIP.NCC.NorESM1-F.midHolocene,none,r1i1p1f1,Amon,pr,gn,20190920,hdl:21.14100/0df954f5-18d0-4880-8fd8-cb3e265ccd72,
CMIP6.PMIP.NCC.NorESM1-F.midPliocene-eoi400,none,r1i1p1f1,Amon,pr,gn,20190920,hdl:21.14100/18a20b0d-4fdc-45f7-8067-7b12796a96be,
CMIP6.CMIP.NCC.NorESM1-F.piControl,none,r1i1p1f1,Amon,pr,gn,20190920,hdl:21.14100/07bd4a06-042e-4f16-8e75-7b1c81a1b1af,
CMIP6.PMIP.NCC.NorESM2-LM.lig127k,none,r1i1p1f1,Amon,pr,gn,20191108,hdl:21.14100/61ae114e-de5b-4a78-bfc0-3373fadfd4ee,
CMIP6.PMIP.NCC.NorESM2-LM.midHolocene,none,r1i1p1f1,Amon,pr,gn,20191108,hdl:21.14100/76fdcab2-e855-49ff-97cb-edf9b7d0010f,
CMIP6.CMIP.NCC.NorESM2-LM.piControl,none,r1i1p1f1,Amon,pr,gn,20210118,hdl:21.14100/720e8a4c-18ef-4a49-a1eb-3adbfd1dc4a2,
CMIP6.PMIP.CSIRO.ACCESS-ESM1-5.lig127k,none,r1i1p1f1,Amon,tas,gn,20191206,hdl:21.14100/a72f9d41-5d91-42a1-ac1d-7388e3ea14a0,
CMIP6.CMIP.CSIRO.ACCESS-ESM1-5.piControl,none,r1i1p1f1,Amon,tas,gn,20191112,hdl:21.14100/6e9eac06-87dd-40b0-8ceb-c95a76538698,
CMIP6.PMIP.AWI.AWI-ESM-1-1-LR.lig127k,none,r1i1p1f1,Amon,tas,gn,20200212,hdl:21.14100/60ebe0bc-411d-4728-b5f1-306a26772a01,
CMIP6.CMIP.AWI.AWI-ESM-1-1-LR.piControl,none,r1i1p1f1,Amon,tas,gn,20200212,hdl:21.14100/da909048-e78e-4153-8230-69054d9fd5e5,
CMIP6.PMIP.NCAR.CESM2.lig127k,none,r1i1p1f1,Amon,tas,gn,20190923,hdl:21.14100/750a78e8-dbdb-456c-8358-7614bd59ee55,
CMIP6.PMIP.NCAR.CESM2.midHolocene,none,r1i1p1f1,Amon,tas,gn,20190923,hdl:21.14100/01079db4-69a4-46b3-a298-d1785dc3e74b,
CMIP6.PMIP.NCAR.CESM2.midPliocene-eoi400,none,r1i1p1f1,Amon,tas,gn,20200110,hdl:21.14100/98e758b7-6ea3-467d-9780-1e578488e78a,
CMIP6.CMIP.NCAR.CESM2.piControl,none,r1i1p1f1,Amon,tas,gn,20190320,hdl:21.14100/613911cb-8d9b-44a2-9664-2eee8f522acb,
CMIP6.PMIP.CNRM-CERFACS.CNRM-CM6-1.lig127k,none,r1i1p1f2,Amon,tas,gr,20200212,hdl:21.14100/787a1504-4ead-454d-9955-8fe0f6c8e3a6,
CMIP6.CMIP.CNRM-CERFACS.CNRM-CM6-1.piControl,none,r1i1p1f2,Amon,tas,gr,20180814,hdl:21.14100/f471a8e2-02e2-4c2f-accd-954700b3fc1f,
CMIP6.PMIP.EC-Earth-Consortium.EC-Earth3-LR.lig127k,none,r1i1p1f1,Amon,tas,gr,20200409,hdl:21.14100/dee1a8a5-f2a2-4d8e-8230-024798787697,
CMIP6.PMIP.EC-Earth-Consortium.EC-Earth3-LR.midHolocene,none,r1i1p1f1,Amon,tas,gr,20200409,hdl:21.14100/d5dd22d9-5cf5-41e8-8849-c9a315612409,
CMIP6.CMIP.EC-Earth-Consortium.EC-Earth3-LR.piControl,none,r1i1p1f1,Amon,tas,gr,20200409,hdl:21.14100/1c625e58-9ee5-4000-b35e-adc0c227dbc3,
CMIP6.PMIP.CAS.FGOALS-f3-L.lig127k,none,r1i1p1f1,Amon,tas,gr,20191025,hdl:21.14100/f8b0de6c-e66f-4765-b4ae-e6c96c9d5d48,
CMIP6.PMIP.CAS.FGOALS-f3-L.midHolocene,none,r1i1p1f1,Amon,tas,gr,20191025,hdl:21.14100/44e876c0-6185-4ed3-b7b6-8db8389b4607,
CMIP6.CMIP.CAS.FGOALS-f3-L.piControl,none,r1i1p1f1,Amon,tas,gr,20191029,hdl:21.14100/79b90466-40a6-48f3-bf71-80cb31fcb211,
CMIP6.PMIP.CAS.FGOALS-g3.lig127k,none,r1i1p1f1,Amon,tas,gn,20191030,hdl:21.14100/a912e4b8-bd0a-489e-9fc6-49c6f0aeae48,
CMIP6.PMIP.CAS.FGOALS-g3.midHolocene,none,r1i1p1f1,Amon,tas,gn,20191024,hdl:21.14100/57dfad01-6bc3-4c14-a626-ef3f8704dcaa,
CMIP6.CMIP.CAS.FGOALS-g3.piControl,none,r1i1p1f1,Amon,tas,gn,20190818,hdl:21.14100/09aea16f-92e2-4d67-ab58-b83b20b1549a,
CMIP6.PMIP.NASA-GISS.GISS-E2-1-G.lig127k,none,r1i1p1f1,Amon,tas,gn,20190916,hdl:21.14100/942c4af1-28f3-4cb1-b9ec-29a1868e36ff,
CMIP6.PMIP.NASA-GISS.GISS-E2-1-G.midHolocene,none,r1i1p1f1,Amon,tas,gn,20190916,hdl:21.14100/d1ad38c2-3db0-48b5-8438-805c908d4d1f,
CMIP6.PMIP.NASA-GISS.GISS-E2-1-G.midPliocene-eoi400,none,r1i1p1f1,Amon,tas,gn,20190626,hdl:21.14100/8500493a-0188-4a24-8f3f-765450fe5695,
CMIP6.CMIP.NASA-GISS.GISS-E2-1-G.piControl,none,r1i1p1f1,Amon,tas,gn,20180824,hdl:21.14100/b2c1c46d-69f1-42af-8055-5d11d26f20c4,
CMIP6.PMIP.NERC.HadGEM3-GC31-LL.lig127k,none,r1i1p1f1,Amon,pr,gn,20210114,hdl:21.14100/efb29f51-e605-4807-a3a5-059913758a39,
CMIP6.PMIP.AWI.AWI-ESM-1-1-LR.lgm,none,r1i1p1f1,Amon,pr,gn,20200212,hdl:21.14100/8afcea57-03d4-48b4-9aa2-9a053e9eedde,
CMIP6.CMIP.CSIRO.ACCESS-ESM1-5.abrupt-4xCO2,none,r1i1p1f1,Amon,tas,gn,20191115,hdl:21.14100/da5998e2-7353-4602-943e-9e5625876fec,
CMIP6.CMIP.MOHC.HadGEM3-GC31-LL.piControl,none,r1i1p1f1,Amon,tas,gn,20190628,hdl:21.14100/fc63baac-ff22-4635-a7cc-eb02567d4e54,
CMIP6.PMIP.INM.INM-CM4-8.lgm,none,r1i1p1f1,Amon,tas,gr1,20190802,hdl:21.14100/a273885a-e57c-405e-9504-0266514d1133,
CMIP6.PMIP.INM.INM-CM4-8.lig127k,none,r1i1p1f1,Amon,tas,gr1,20190802,hdl:21.14100/20793bc4-3c85-4cc6-ad01-347f8ad53716,
CMIP6.PMIP.INM.INM-CM4-8.midHolocene,none,r1i1p1f1,Amon,tas,gr1,20190802,hdl:21.14100/f729d249-f56d-4dfb-9e49-289e6f6882a6,
CMIP6.CMIP.INM.INM-CM4-8.piControl,none,r1i1p1f1,Amon,tas,gr1,20190605,hdl:21.14100/fb91e763-bc90-4b56-991b-db0205d03c25,
CMIP6.PMIP.IPSL.IPSL-CM6A-LR.lig127k,none,r1i1p1f1,Amon,tas,gr,20180926,hdl:21.14100/bde8ea2f-255c-41f0-b6b3-233c4e71959a,
CMIP6.PMIP.IPSL.IPSL-CM6A-LR.midHolocene,none,r1i1p1f1,Amon,tas,gr,20180926,hdl:21.14100/f03f3f56-4d1b-4308-9d2d-33283e1a9fb3,
CMIP6.PMIP.IPSL.IPSL-CM6A-LR.midPliocene-eoi400,none,r1i1p1f1,Amon,tas,gr,20190118,hdl:21.14100/5fde8301-1cb8-40f4-ba93-c34eb318749a,
CMIP6.CMIP.IPSL.IPSL-CM6A-LR.piControl,none,r1i1p1f1,Amon,tas,gr,20180802,hdl:21.14100/46024c03-5f16-49b2-8082-b19dac0983c0,
CMIP6.PMIP.MIROC.MIROC-ES2L.lgm,none,r1i1p1f2,Amon,tas,gn,20191002,hdl:21.14100/a670cdef-0af2-45e5-9e37-1e68f67c8c0f,
CMIP6.PMIP.MIROC.MIROC-ES2L.lig127k,none,r1i1p1f2,Amon,tas,gn,20191118,hdl:21.14100/cf8395ef-de92-464d-b278-5e43a2436dc8,
CMIP6.PMIP.MIROC.MIROC-ES2L.midHolocene,none,r1i1p1f2,Amon,tas,gn,20191002,hdl:21.14100/0c6c86b4-2070-4615-a3d4-bd83aae880f9,
CMIP6.CMIP.MIROC.MIROC-ES2L.piControl,none,r1i1p1f2,Amon,tas,gn,20190823,hdl:21.14100/7d717ae8-4aaa-4370-bb1b-30c3a28374e1,
CMIP6.PMIP.MPI-M.MPI-ESM1-2-LR.lgm,none,r1i1p1f1,Amon,tas,gn,20190710,hdl:21.14100/4619cfde-9600-4d82-8e4f-e58c42da80de,
CMIP6.PMIP.MPI-M.MPI-ESM1-2-LR.lgm,none,r1i1p1f1,Amon,tas,gn,20190710,hdl:21.14100/4619cfde-9600-4d82-8e4f-e58c42da80de,
CMIP6.PMIP.MPI-M.MPI-ESM1-2-LR.midHolocene,none,r1i1p1f1,Amon,tas,gn,20190710,hdl:21.14100/1546ae60-04f6-4170-afcc-2f7bd47b2226,
CMIP6.CMIP.MPI-M.MPI-ESM1-2-LR.piControl,none,r1i1p1f1,Amon,tas,gn,20190710,hdl:21.14100/6e55f8ff-5806-428e-a182-32e70be98e87,
CMIP6.PMIP.MRI.MRI-ESM2-0.midHolocene,none,r1i1p1f1,Amon,tas,gn,20190919,hdl:21.14100/080c6c9e-cd31-429a-b864-53d23c4b439c,
CMIP6.CMIP.MRI.MRI-ESM2-0.piControl,none,r1i1p1f1,Amon,tas,gn,20190222,hdl:21.14100/a0bd7d8f-4785-4687-b510-fd87808051b6,
CMIP6.PMIP.NUIST.NESM3.lig127k,none,r1i1p1f1,Amon,tas,gn,20190909,hdl:21.14100/c9bb5593-6a54-47ac-bf5e-f90ed0986553,
CMIP6.PMIP.NUIST.NESM3.midHolocene,none,r1i1p1f1,Amon,tas,gn,20190813,hdl:21.14100/549aa25e-88a2-4946-bda8-a88b1c32d807,
CMIP6.CMIP.NUIST.NESM3.piControl,none,r1i1p1f1,Amon,tas,gn,20190708,hdl:21.14100/c4d19a0f-7989-447b-9690-ac600918d73f,
CMIP6.PMIP.NCC.NorESM1-F.lig127k,none,r1i1p1f1,Amon,tas,gn,20190920,hdl:21.14100/7b3e0a32-fa17-4cc9-9eee-81ff8f4f0e91,
CMIP6.PMIP.NCC.NorESM1-F.midHolocene,none,r1i1p1f1,Amon,tas,gn,20190920,hdl:21.14100/f7321f0b-10a2-4af7-9d99-b237dd96e8e8,
CMIP6.PMIP.NCC.NorESM1-F.midPliocene-eoi400,none,r1i1p1f1,Amon,tas,gn,20190920,hdl:21.14100/c1e08282-7903-427c-86a5-9e3d2fa2fcbe,
CMIP6.CMIP.NCC.NorESM1-F.piControl,none,r1i1p1f1,Amon,tas,gn,20190920,hdl:21.14100/4e9fff87-de90-43ec-aa77-9cba6ab4188e,
CMIP6.PMIP.NCC.NorESM2-LM.lig127k,none,r1i1p1f1,Amon,tas,gn,20191108,hdl:21.14100/a34c3beb-2c8c-4267-a022-57e05d5ff0ae,
CMIP6.PMIP.NCC.NorESM2-LM.midHolocene,none,r1i1p1f1,Amon,tas,gn,20191108,hdl:21.14100/77cbc8dd-4155-4a20-8de2-1ea1c7067de4,
CMIP6.CMIP.NCC.NorESM2-LM.piControl,none,r1i1p1f1,Amon,tas,gn,20210118,hdl:21.14100/abaf3407-3ef8-4689-95d9-5e59a91463e6,
CMIP6.PMIP.NERC.HadGEM3-GC31-LL.midHolocene,none,r1i1p1f1,Amon,pr,gn,20210111,hdl:21.14100/cc6777d9-10b5-4931-a040-8d359e20a9b1,
CMIP6.PMIP.NERC.HadGEM3-GC31-LL.midPliocene-eoi400,none,r1i1p1f1,Amon,tas,gn,20201222,hdl:21.14100/41a6a4d4-eac9-473a-8090-267714d4460c,
CMIP6.PMIP.NERC.HadGEM3-GC31-LL.midPliocene-eoi400,none,r1i1p1f1,Amon,pr,gn,20201222,hdl:21.14100/97e6a8f7-7f26-4a8b-8e3d-538d54be0604,
CMIP6.CMIP.CSIRO.ACCESS-ESM1-5.abrupt-4xCO2,none,r1i1p1f1,Amon,pr,gn,20191115,hdl:21.14100/17b6efed-d764-48be-8ec0-67b122a571c7,
CMIP6.CMIP.NCAR.CESM2.abrupt-4xCO2,none,r1i1p1f1,Amon,tas,gn,20190828,hdl:21.14100/81280768-5338-4e76-a8cc-478d15b08664,
CMIP6.CMIP.NCAR.CESM2.abrupt-4xCO2,none,r1i1p1f1,Amon,pr,gn,20190828,hdl:21.14100/32b29967-70d4-4a94-b018-1436383d4dfb,
CMIP6.CMIP.CNRM-CERFACS.CNRM-CM6-1.abrupt-4xCO2,none,r1i1p1f2,Amon,tas,gr,20180705,hdl:21.14100/d23e43fb-e963-4494-bb87-448a22798693,
CMIP6.CMIP.CNRM-CERFACS.CNRM-CM6-1.abrupt-4xCO2,none,r1i1p1f2,Amon,pr,gr,20180705,hdl:21.14100/ad2472c3-197e-4f8b-af69-c3d5a8580bbc,
CMIP6.CMIP.CAS.FGOALS-f3-L.abrupt-4xCO2,none,r1i1p1f1,Amon,tas,gr,20191018,hdl:21.14100/94d7556a-c0da-49b4-9fa2-2bfe440040fb,
CMIP6.CMIP.CAS.FGOALS-f3-L.abrupt-4xCO2,none,r1i1p1f1,Amon,pr,gr,20191018,hdl:21.14100/6b4e6a73-3709-49a3-9cbe-730480218133,
CMIP6.CMIP.INM.INM-CM4-8.1pctCO2,none,r1i1p1f1,Amon,tas,gr1,20190530,hdl:21.14100/acf2a3bb-da22-411c-a633-d66e96b1fefa,
CMIP6.CMIP.NASA-GISS.GISS-E2-1-G.abrupt-4xCO2,none,r1i1p1f1,Amon,tas,gn,20181002,hdl:21.14100/5a56a8c4-c09a-4e5c-ae53-fd66055789fa,
CMIP6.CMIP.NASA-GISS.GISS-E2-1-G.abrupt-4xCO2,none,r1i1p1f1,Amon,pr,gn,20181002,hdl:21.14100/13058111-119e-4301-aff7-d9c8076e1e3f,
CMIP6.CMIP.INM.INM-CM4-8.1pctCO2,none,r1i1p1f1,Amon,pr,gr1,20190530,hdl:21.14100/5c21081e-894a-46e0-8360-326efb7e10f9,
CMIP6.CMIP.INM.INM-CM4-8.abrupt-4xCO2,none,r1i1p1f1,Amon,tas,gr1,20190529,hdl:21.14100/0b4c8042-efcf-49fe-887d-9e491918810b,
CMIP6.CMIP.IPSL.IPSL-CM6A-LR.1pctCO2,none,r1i1p1f1,Amon,pr,gr,20180727,hdl:21.14100/e65b7527-b1eb-481f-9735-50a6ddb56759,
CMIP6.CMIP.INM.INM-CM4-8.abrupt-4xCO2,none,r1i1p1f1,Amon,pr,gr1,20190529,hdl:21.14100/f12d2707-c9c0-4af0-b3ba-bfce26008ab3,
CMIP6.CMIP.IPSL.IPSL-CM6A-LR.1pctCO2,none,r1i1p1f1,Amon,tas,gr,20180727,hdl:21.14100/2fb26980-7ece-4923-a408-2e582a20b0c8,
CMIP6.CMIP.IPSL.IPSL-CM6A-LR.abrupt-4xCO2,none,r1i1p1f1,Amon,tas,gr,20180727,hdl:21.14100/7acc29f2-abb6-4839-84ee-5b32e0e6b0fb,
CMIP6.CMIP.MIROC.MIROC-ES2L.1pctCO2,none,r1i1p1f2,Amon,tas,gn,20190823,hdl:21.14100/ed3976f1-f106-42de-9cf2-1474d1947cdb,
CMIP6.CMIP.IPSL.IPSL-CM6A-LR.abrupt-4xCO2,none,r1i1p1f1,Amon,pr,gr,20180727,hdl:21.14100/9db8f493-097a-4da2-bb0b-a17dfe717230,
CMIP6.CMIP.MIROC.MIROC-ES2L.abrupt-4xCO2,none,r1i1p1f2,Amon,tas,gn,20190823,hdl:21.14100/bf098879-b11e-489c-9dac-3c6a61bed1de,
CMIP6.CMIP.MIROC.MIROC-ES2L.abrupt-4xCO2,none,r1i1p1f2,Amon,pr,gn,20190823,hdl:21.14100/8afc40da-c05c-4c52-91af-8f014fbb64bc,
CMIP6.CMIP.MRI.MRI-ESM2-0.abrupt-4xCO2,none,r1i1p1f1,Amon,tas,gn,20190308,hdl:21.14100/43a8b10f-48ae-4e8f-8e21-5119ad2c94de,
CMIP6.CMIP.MRI.MRI-ESM2-0.abrupt-4xCO2,none,r1i1p1f1,Amon,pr,gn,20190308,hdl:21.14100/097da00b-16ba-4d26-86de-a2159aa1d032,
CMIP6.CMIP.NUIST.NESM3.abrupt-4xCO2,none,r1i1p1f1,Amon,tas,gn,20190707,hdl:21.14100/d1ce6445-eb91-4033-a4c9-190237c3c942,
CMIP6.CMIP.NUIST.NESM3.abrupt-4xCO2,none,r1i1p1f1,Amon,pr,gn,20190707,hdl:21.14100/552ca9b7-7ca3-4472-b494-04910b783083,
CMIP6.CMIP.MIROC.MIROC-ES2L.1pctCO2,none,r1i1p1f2,Amon,pr,gn,20190823,hdl:21.14100/823213d3-d21c-42e1-bf81-966fbb429ebe,
CMIP6.CMIP.NCC.NorESM2-LM.abrupt-4xCO2,none,r1i1p1f1,Amon,tas,gn,20210118,hdl:21.14100/f3e43800-8083-41a7-ae3c-627cbfd31dda,
CMIP6.CMIP.MRI.MRI-ESM2-0.1pctCO2,none,r1i1p1f1,Amon,tas,gn,20190308,hdl:21.14100/bd29e44f-e7b8-4547-8ebc-09c4f981e259,
CMIP6.CMIP.NCC.NorESM2-LM.abrupt-4xCO2,none,r1i1p1f1,Amon,pr,gn,20210118,hdl:21.14100/4e3e2006-1b21-4ddd-86cd-f4f5d91e81df,
CMIP6.CMIP.CSIRO.ACCESS-ESM1-5.1pctCO2,none,r1i1p1f1,Amon,tas,gn,20191115,hdl:21.14100/b3f4469e-2417-4123-bfb9-ef2cc8415cdd,
CMIP6.CMIP.CSIRO.ACCESS-ESM1-5.1pctCO2,none,r1i1p1f1,Amon,pr,gn,20191115,hdl:21.14100/a8efb353-0fe8-4b24-bb8f-97bc10d69191,
CMIP6.CMIP.MPI-M.MPI-ESM1-2-LR.1pctCO2,none,r1i1p1f1,Amon,pr,gn,20190710,hdl:21.14100/306618e9-eb3d-4dbe-9097-299eba2e011a,
CMIP6.CMIP.NCAR.CESM2.1pctCO2,none,r1i1p1f1,Amon,tas,gn,20190425,hdl:21.14100/36ba4513-402b-49cf-9d9e-307063ee94f8,
CMIP6.CMIP.MRI.MRI-ESM2-0.1pctCO2,none,r1i1p1f1,Amon,pr,gn,20190308,hdl:21.14100/e78d1257-475f-4eed-8b56-6452cf258032,
CMIP6.CMIP.NCAR.CESM2.1pctCO2,none,r1i1p1f1,Amon,pr,gn,20190425,hdl:21.14100/c0c803ea-8bdf-4d25-ad1e-7c4cc28ad54a,
CMIP6.CMIP.CNRM-CERFACS.CNRM-CM6-1.1pctCO2,none,r1i1p1f2,Amon,tas,gr,20180626,hdl:21.14100/fca38598-d98e-4309-b511-71848e255a8a,
CMIP6.CMIP.CNRM-CERFACS.CNRM-CM6-1.1pctCO2,none,r1i1p1f2,Amon,pr,gr,20180626,hdl:21.14100/5bea37ed-073a-4c0a-be91-4e7f9be61e99,
CMIP6.CMIP.CAS.FGOALS-f3-L.1pctCO2,none,r1i1p1f1,Amon,tas,gr,20191020,hdl:21.14100/34139c8f-ba85-4c67-bc0f-5ded123e87bd,
CMIP6.CMIP.CAS.FGOALS-f3-L.1pctCO2,none,r1i1p1f1,Amon,pr,gr,20191020,hdl:21.14100/603fd4c1-c2c8-4227-91f0-d7535bf15f6b,
CMIP6.CMIP.MPI-M.MPI-ESM1-2-LR.1pctCO2,none,r1i1p1f1,Amon,tas,gn,20190710,hdl:21.14100/062520a0-f3d8-41bd-8b94-3fe0e4a6ab0e,
CMIP6.CMIP.NASA-GISS.GISS-E2-1-G.1pctCO2,none,r1i1p1f1,Amon,tas,gn,20180905,hdl:21.14100/ffb63c32-a5b1-498f-bf45-0130fe33a359,
CMIP6.CMIP.NUIST.NESM3.1pctCO2,none,r1i1p1f1,Amon,tas,gn,20190707,hdl:21.14100/161a4ca2-ee39-4bb6-8305-0b9056d197ed,
CMIP6.CMIP.NUIST.NESM3.1pctCO2,none,r1i1p1f1,Amon,pr,gn,20190707,hdl:21.14100/aedddfc3-2f5c-445b-9aa8-e52dadcb10b6,
CMIP6.CMIP.NCC.NorESM2-LM.1pctCO2,none,r1i1p1f1,Amon,tas,gn,20190815,hdl:21.14100/25950369-792f-40d9-a573-abb37e9ad8ec,
CMIP6.CMIP.NCC.NorESM2-LM.1pctCO2,none,r1i1p1f1,Amon,pr,gn,20190815,hdl:21.14100/8f4543cc-b756-4c5e-b93f-d308691e100c,
